{
  "hehe": "https://github.com/VajiraTech/IZUMI-AUTO-VOICER/raw/main/Ponnaya(tbg).m4a",
  "oka": "https://github.com/VajiraTech/IZUMI-AUTO-VOICER/raw/main/kawa.m4a",
  "wow": "https://github.com/VajiraTech/IZUMI-AUTO-VOICER/raw/main/kellek%20oni.m4a",
  "geo": "https://github.com/VajiraTech/IZUMI-AUTO-VOICER/raw/main/wesi(tbg).m4a",
  "hm": "https://github.com/tharumin/Alexa_Voice/raw/main/hm.m4a",
  "hmm": "https://github.com/tharumin/Alexa_Voice/raw/main/hm.m4a",
  "aww": "https://github.com/tharumin/Alexa_Voice/raw/main/hm.m4a",
  "oye": "https://github.com/tharumin/Alexa_Voice/raw/main/oya_kawada.m4a",
  "ustad": "https://github.com/tharumin/Alexa_Voice/raw/main/oya_kawada.m4a"
}
